Month,Beta,Rho
1,0.041175316,0.000746839
2,0.044403461,0.001114206
3,0.044516505,0.001658907
4,0.04979593,0.001376671
5,0.065097271,0.016539912
6,0.085124036,0.01190849
7,0.077383791,0.00453788
8,0.131551509,0.005061445
9,0.107605073,0.003330788
10,0.083658637,0.001600131
11,0.047228929,0.002411217
12,0.027310893,0.000541551
